{"acc": [0.829217243335765, 0.9777447532614861, 0.9884344866704481, 0.9909812819058423, 0.9924515031196823], "loss": [0.1126934995447717, 0.004789030609969257, 0.0009407056220993842, 0.0005049755424794429, 0.00035983120187365675]}{"acc": [0.9801089052750993, 0.9871741349971639, 0.9892240499149177, 0.9909404424276801, 0.9921565513329552], "loss": [0.0032566997197556896, 0.0009015557015456932, 0.0005875599004868529, 0.00044042614084080836, 0.0003112539572096807]}{"acc": [0.9791832104367555, 0.9868235961429381, 0.9892535450935904, 0.9906636415201361, 0.9918332387975043], "loss": [0.004248439993088818, 0.001257072703827012, 0.0008019202702703304, 0.0005884806674016027, 0.0004514310327547149]}{"acc": [0.9799580260918889, 0.9875541690300624, 0.9896619398757537, 0.9913874078275666, 0.9925025524673852], "loss": [0.004600215425881121, 0.0011737679164322205, 0.000696985086704631, 0.0004971575984879296, 0.00040231209560776]}{"acc": [0.979631310266591, 0.9866057855927397, 0.9894282473057289, 0.9908088485536019, 0.9920147475893364], "loss": [0.003341950242765252, 0.0010703605846229833, 0.0006918675466391094, 0.0005333420074108223, 0.00036360273800735963]}{"acc": [0.9801656267725468, 0.9867283040272263, 0.9890913216108905, 0.9907260351673284, 0.9918071469086784], "loss": [0.0030454844557525015, 0.0009438777371977352, 0.0006778369506415465, 0.00047720864153311874, 0.0003960035438118372]}{"acc": [0.9803210436755531, 0.9872467385138968, 0.9893045944412933, 0.9909120816789563, 0.9920646625070901], "loss": [0.0033261318746447073, 0.0010824473333997087, 0.0006804647676629409, 0.0005062085452251805, 0.0003810272295027575]}{"acc": [0.9799682359614293, 0.9873942144072604, 0.9898298355076574, 0.9915110606920022, 0.9928315371525809], "loss": [0.003335058347915547, 0.0009367042165718417, 0.0006377189733512341, 0.00045130200109246, 0.0003241564684488022]}{"acc": [0.9565683494044243, 0.9873658536585366, 0.9896165626772547, 0.9916732841747022, 0.993128757799206], "loss": [0.027883181454968202, 0.000948813118270817, 0.0006342921049139115, 0.00040011157289391235, 0.0003040535260407625]}{"acc": [0.9799977311401021, 0.987033465683494, 0.9894792966534317, 0.9916574021554169, 0.9929393079977311], "loss": [0.00432728181439053, 0.0011264816306228867, 0.0006376026458844782, 0.00045608833153835856, 0.0003709942195070049]}