{"loss": [0.06930595538593429], "acc": [0.9365320476206338]}{"loss": [0.06455233890381924], "acc": [0.9486262053518355]}