{"loss": [0.06455233890381924], "acc": [0.9486262053518355]}